,PC1,PC2
AP3,-0.29475575440870927,0.9552484554251865
AP5,0.6733646275787135,0.22611567183668319
AP8,0.6780111529825548,0.19071468574192246
