,PC1,PC2
FM37,0.567999112321156,-0.6086877443125195
FM38,0.49959872188993615,0.7898808895135478
FMHOURS,0.6540474948261188,-0.07474898196647595
