age_group,health_adjusted_norm
0-17,0.1374094490027844
18-34,0.291976836814317
35-59,0.4789334923609295
60+,0.6883103831484099
