gender,health_adjusted_norm
Female,0.340784675069427
Male,0.23449380218657492
